Row Names,instance_auroc,full_pixel_auroc,anomaly_pixel_auroc
mvtec_toothbrush,1.0,0.9857315411810041,0.9799756208353358
Mean,1.0,0.9857315411810041,0.9799756208353358
