Row Names,instance_auroc,full_pixel_auroc,anomaly_pixel_auroc
mvtec_toothbrush,1.0,0.985731541181004,0.9799756208244323
Mean,1.0,0.985731541181004,0.9799756208244323
